,tumor_grade,tumor_stage,age_at_diagnosis,vital_status,daystodeath_or_LFU
tumor_grade,1.0,0.08695542589945832,0.17360076290948767,-0.0760403140808063,-0.030633983324415647
tumor_stage,0.08695542589945832,1.0,-0.060764361363502856,-0.2763564062001517,0.058465566256588664
age_at_diagnosis,0.17360076290948767,-0.060764361363502856,1.0,-0.24530873978671897,-0.1458833453856989
vital_status,-0.0760403140808063,-0.2763564062001517,-0.24530873978671897,1.0,0.0482576291218971
daystodeath_or_LFU,-0.030633983324415647,0.058465566256588664,-0.1458833453856989,0.0482576291218971,1.0
